TOA5,ALA2,CR6,26376,CR6.14.4.0,CPU:Settings_jul20_alameda_sdi _c.CR6,48830,ExoSDI1Data,,,,,,,,,,,,,,,,,,,,
TIMESTAMP,RECORD,Date,Time,Chl_RFU,Chl_ugL,Cond,DO_pct,DO_mgL,Depth,fDOM_RFU,fDOM_QSU,pH,PC_RFU,PC_ugL,PE_RFU,PE_ugL,Sal,SpCond,Bat_V,Temp,Turb_FNU,Turb_NTU,Wipe_mA,WipePos_V,"ExoParams(1,24)","ExoParams(1,25)",ExoSamplesCounter
TS,RN,,,,,,,,,,,,,,,,,,,,,,,,,,
,,Smp,Smp,Smp,Smp,Smp,Smp,Smp,Smp,Smp,Smp,Smp,Smp,Smp,Smp,Smp,Smp,Smp,Smp,Smp,Smp,Smp,Smp,Smp,Smp,Smp,Smp
7/24/2026 13:03,372,72426,200000,1.86,7.53,42116.65,99.33,7.45,2.493,3.64,9.19,7.99,0.03,-0.37,0,0,29.58,45587.86,6.16,21.013,5.59,5.59,30.59,1.2,0,0,373
7/24/2026 13:18,373,72426,201500,2.56,10.36,42676.29,110.72,8.21,2.459,3.59,9.02,8.07,0.13,-0.27,0,0,29.63,45659.53,6.16,21.579,4.69,4.69,30.59,1.2,0,0,374
7/24/2026 13:33,374,72426,203000,1.49,6.04,41902.08,90.12,6.78,2.45,3.69,9.32,7.92,0.05,-0.35,0,0,29.54,45529.32,6.16,20.829,6.18,6.18,32.31,1.19,0,0,375
7/24/2026 13:48,375,72426,204500,2.65,10.69,42566.71,109.41,8.13,2.423,3.47,8.67,8.06,0.1,-0.3,0,0,29.6,45618.35,6.16,21.498,4.61,4.61,32.31,1.19,0,0,376
7/24/2026 14:03,376,72426,210000,2.44,9.86,42435.22,105.46,7.85,2.41,3.52,8.81,8.04,0.09,-0.31,0,0,29.58,45587.36,6.16,21.38,4.61,4.61,29.59,1.19,0,0,377
7/24/2026 14:18,377,72426,211500,1.84,7.43,42466.12,106.69,7.94,2.384,3.89,9.92,8.05,0.05,-0.36,0,0,29.58,45588.44,6.16,21.414,4.84,4.84,29.59,1.19,0,0,378
7/24/2026 14:33,378,72426,213000,2.34,9.47,42524.49,108.9,8.1,2.349,3.75,9.5,8.06,0.08,-0.33,0,0,29.59,45604.78,6.16,21.464,4.91,4.91,30.58,1.2,0,0,379
7/24/2026 14:48,379,72426,214500,2.2,8.9,42664.59,106.13,7.86,2.326,3.72,9.41,8.03,0.1,-0.31,0,0,29.58,45585.18,6.16,21.646,4.79,4.79,30.58,1.2,0,0,380
7/24/2026 15:03,380,72426,220000,2.29,9.26,42675.47,110.25,8.17,2.312,3.67,9.27,8.04,0.08,-0.32,0,0,29.58,45586.46,6.16,21.657,4.85,4.85,30.49,1.2,0,0,381
7/24/2026 15:18,381,72426,221500,2.47,9.97,42705.9,106.26,7.87,2.318,3.69,9.34,8.01,0.09,-0.31,0,0,29.57,45571.86,6.16,21.707,4.34,4.34,30.49,1.2,0,0,382
7/24/2026 15:33,382,72426,223000,2.48,10.02,42744.9,104.74,7.75,2.328,3.71,9.39,8,0.11,-0.3,0,0,29.56,45568.74,6.16,21.756,4.17,4.17,30.71,1.19,0,0,383
7/24/2026 15:48,383,72426,224500,2.38,9.63,42765.66,104.21,7.71,2.358,3.75,9.52,7.99,0.1,-0.3,0,0,29.57,45573.82,6.16,21.774,4.07,4.07,30.71,1.19,0,0,384
7/24/2026 16:03,384,72426,230000,2.4,9.72,42809.46,107.7,7.95,2.389,3.77,9.57,8.01,0.08,-0.32,0,0,29.56,45568.59,6.16,21.83,4.22,4.22,30.15,1.19,0,0,385
7/24/2026 16:18,385,72426,231500,2.67,10.79,42876.95,107.24,7.91,2.404,3.82,9.73,8,0.11,-0.29,0,0,29.56,45569.31,6.16,21.907,4.02,4.02,30.15,1.19,0,0,386
7/24/2026 16:33,386,72426,233000,2.6,10.49,42874.66,108.59,8.01,2.44,3.82,9.71,8.01,0.08,-0.33,0,0,29.56,45571.25,6.16,21.902,5.26,5.26,32.72,1.2,0,0,387
7/24/2026 16:48,387,72426,234500,2.76,11.17,42903.66,110.45,8.14,2.494,3.98,10.2,8.02,0.1,-0.3,0,0,29.57,45575.16,6.16,21.931,4.62,4.62,32.72,1.2,0,0,388
7/24/2026 17:03,388,72526,0,3.07,12.39,42920.11,110.94,8.18,2.532,3.55,8.92,8.02,0.12,-0.28,0,0,29.57,45577.33,6.17,21.948,4.49,4.49,30.38,1.2,0,0,389
7/24/2026 17:18,389,72526,1500,3.27,13.19,42976.52,115.87,8.53,2.593,3.62,9.12,8.06,0.11,-0.29,0,0,29.57,45585.6,6.17,22.003,5.01,5.01,30.38,1.2,0,0,390
7/24/2026 17:33,390,72526,3000,4.23,17.07,43051.69,124.04,9.12,2.662,3.93,10.06,8.11,0.19,-0.22,0,0,29.59,45614.56,6.16,22.058,5.3,5.3,30.54,1.19,0,0,391
7/24/2026 17:48,391,72526,4500,4.55,18.37,43154.15,125.49,9.21,2.706,3.66,9.24,8.13,0.18,-0.23,0,0,29.6,45629.58,6.16,22.16,5.3,5.3,30.54,1.19,0,0,392
7/24/2026 18:03,392,72526,10000,3.8,15.36,43134.57,128.18,9.41,2.761,3.73,9.44,8.15,0.15,-0.26,0,0,29.6,45631.89,6.16,22.135,5.23,5.23,32.49,1.2,0,0,393
7/24/2026 18:18,393,72526,11500,3.71,15,43134.17,126.4,9.29,2.824,3.85,9.8,8.15,0.14,-0.26,0,0,29.62,45648.41,6.16,22.116,5.42,5.42,32.49,1.2,0,0,394
7/24/2026 18:33,394,72526,13000,4.16,16.79,43146.15,126.75,9.31,2.877,3.72,9.41,8.15,0.17,-0.24,0,0,29.61,45646.21,6.16,22.132,5.65,5.65,31.14,1.2,0,0,395
7/24/2026 18:48,395,72526,14500,2.98,12.03,43019.97,127.41,9.38,2.949,3.91,9.99,8.14,0.13,-0.27,0,0,29.59,45610.61,6.17,22.026,5.58,5.58,31.14,1.2,0,0,396
7/24/2026 19:03,396,72526,20000,3.95,15.96,43106.59,129.57,9.52,3.007,3.59,9.04,8.17,0.14,-0.27,0,0,29.61,45643.2,6.16,22.09,5.56,5.56,30.23,1.19,0,0,397
7/24/2026 19:18,397,72526,21500,4.16,16.78,42925.36,117.66,8.68,3.06,3.7,9.35,8.09,0.18,-0.23,0,0,29.59,45605.32,6.17,21.923,7.17,7.17,30.23,1.19,0,0,398
7/24/2026 19:33,398,72526,23000,3.42,13.82,42870.52,119.43,8.81,3.095,3.9,9.97,8.1,0.14,-0.26,0,0,29.57,45577.31,6.16,21.89,7.1,7.1,32.98,1.2,0,0,399
7/24/2026 19:48,399,72526,24500,4.11,16.58,43035.14,122.15,8.99,3.145,3.67,9.26,8.13,0.17,-0.23,0,0,29.6,45628.16,6.17,22.025,5.99,5.99,32.98,1.2,0,0,400
7/24/2026 20:03,400,72526,30000,3.9,15.74,42738.37,112.22,8.3,3.171,3.67,9.28,8.06,0.18,-0.23,0,0,29.58,45586.72,6.17,21.729,10.44,10.44,30.47,1.21,0,0,401
7/24/2026 20:18,401,72526,31500,3.77,15.22,42761.09,113.5,8.4,3.222,3.71,9.38,8.07,0.16,-0.25,0,0,29.58,45596.98,6.16,21.744,5.85,5.85,30.47,1.21,0,0,402
7/24/2026 20:33,402,72526,33000,3.38,13.66,42582.57,110.11,8.17,3.233,3.64,9.19,8.03,0.14,-0.26,0,0,29.58,45586.31,6.16,21.55,5.65,5.65,30.23,1.2,0,0,403
7/24/2026 20:48,403,72526,34500,3.82,15.41,42560.28,109.18,8.11,3.249,3.66,9.24,8.03,0.14,-0.26,0,0,29.57,45581.63,6.16,21.53,5.82,5.82,30.23,1.2,0,0,404
7/24/2026 21:03,404,72526,40000,3.88,15.67,42569.91,107.52,7.98,3.271,3.67,9.26,8.03,0.15,-0.26,0,0,29.58,45583.08,6.17,21.539,5.6,5.6,30.42,1.2,0,0,405
7/24/2026 21:18,405,72526,41500,3.86,15.59,42603.81,96.77,7.18,3.252,3.72,9.41,8.04,0.15,-0.26,0,0,29.58,45585.97,6.17,21.575,5.47,5.47,30.42,1.2,0,0,406
7/24/2026 21:33,406,72526,43000,4.21,16.99,42554.99,108.28,8.04,3.234,3.69,9.33,8.04,0.17,-0.23,0,0,29.57,45574.36,6.16,21.531,5.69,5.69,30.25,1.19,0,0,407
7/24/2026 21:48,407,72526,44500,3.48,14.07,42529.7,107.09,7.96,3.216,3.74,9.47,8.03,0.12,-0.28,0,0,29.58,45585.51,6.16,21.49,5.62,5.62,30.25,1.19,0,0,408
7/24/2026 22:03,408,72526,50000,3.56,14.37,42530.84,108.28,8.05,3.161,3.72,9.41,8.04,0.13,-0.28,0,0,29.58,45586.89,6.17,21.49,5.53,5.53,30.14,1.2,0,0,409
7/24/2026 22:18,409,72526,51500,4.02,16.25,42515.27,106.76,7.94,3.126,3.71,9.39,8.04,0.17,-0.24,0,0,29.58,45587.3,6.17,21.472,5.64,5.64,30.14,1.2,0,0,410
7/24/2026 22:33,410,72526,53000,3.63,14.66,42481.21,105.38,7.84,3.063,3.78,9.61,8.02,0.13,-0.28,0,0,29.58,45584.09,6.16,21.436,5.39,5.39,31.93,1.21,0,0,411
7/24/2026 22:48,411,72526,54500,4.03,16.26,42518.86,106.19,7.89,2.976,3.73,9.44,8.03,0.16,-0.24,0,0,29.58,45585.21,6.17,21.478,6.21,6.21,31.93,1.21,0,0,412
7/24/2026 23:03,412,72526,60000,3.89,15.69,42509.19,106.34,7.91,2.904,3.73,9.44,8.03,0.14,-0.27,0,0,29.58,45583.86,6.17,21.469,5.92,5.92,29.95,1.2,0,0,413
7/24/2026 23:18,413,72526,61500,3.65,14.73,42512.98,105.83,7.87,2.795,3.71,9.38,8.03,0.14,-0.27,0,0,29.57,45573.86,6.16,21.484,5.53,5.53,29.95,1.2,0,0,414
7/24/2026 23:33,414,72526,63000,3.88,15.67,42506.23,104.29,7.75,2.715,3.78,9.6,8.03,0.14,-0.27,0,0,29.57,45579.79,6.17,21.469,5.83,5.83,29.99,1.19,0,0,415
7/24/2026 23:48,415,72526,64500,3.94,15.91,42496.53,95.16,7.08,2.611,3.74,9.49,8.03,0.16,-0.24,0,0,29.57,45576.6,6.17,21.462,5.09,5.09,29.99,1.19,0,0,416
7/25/2026 0:03,416,72526,70000,3.72,15.03,42497.46,104.34,7.76,2.493,3.77,9.56,8.03,0.13,-0.28,0,0,29.58,45582.67,6.16,21.456,5.51,5.51,32.2,1.19,0,0,417
7/25/2026 0:18,417,72526,71500,3.64,14.69,42474.71,94.21,7.01,2.392,3.74,9.47,8.03,0.15,-0.26,0,0,29.58,45585.72,6.16,21.427,5.66,5.66,32.2,1.19,0,0,418
7/25/2026 0:33,418,72526,73000,3.61,14.59,42448.41,104.43,7.77,2.271,3.81,9.7,8.02,0.13,-0.27,0,0,29.57,45571.54,6.16,21.412,5.38,5.38,30.15,1.19,0,0,419
7/25/2026 0:48,419,72526,74500,3.79,15.32,42439.27,100.47,7.48,2.17,3.85,9.82,8.01,0.15,-0.26,0,0,29.57,45576.07,6.16,21.397,4.9,4.9,30.15,1.19,0,0,420
7/25/2026 1:03,420,72526,80000,3.11,12.57,42441.41,92.22,6.86,2.069,3.7,9.35,7.96,0.13,-0.27,0,0,29.57,45572.6,6.16,21.403,3.46,3.46,29.91,1.19,0,0,421
7/25/2026 1:18,421,72526,81500,3.12,12.6,42428.31,99.29,7.39,1.98,3.73,9.45,7.97,0.17,-0.24,0,0,29.56,45557.05,6.16,21.404,4.31,4.31,29.91,1.19,0,0,422
7/25/2026 1:33,422,72526,83000,3.25,13.13,42408.8,97.35,7.25,1.891,3.77,9.57,7.99,0.13,-0.28,0,0,29.57,45569.98,6.16,21.368,4.36,4.36,32.09,1.2,0,0,423
7/25/2026 1:48,423,72526,84500,2.69,10.88,42408.42,91.42,6.81,1.786,3.77,9.58,7.93,0.09,-0.31,0,0,29.56,45560.18,6.17,21.378,4.29,4.29,32.09,1.2,0,0,424
7/25/2026 2:03,424,72526,90000,2.76,11.16,42395.97,93.8,6.99,1.713,3.83,9.75,7.97,0.09,-0.31,0,0,29.57,45567.52,6.17,21.356,3.8,3.8,30.93,1.19,0,0,425
7/25/2026 2:18,425,72526,91500,2.68,10.83,42396.53,88.25,6.57,1.637,3.77,9.56,8,0.13,-0.28,0,0,29.56,45559.32,6.16,21.365,4.08,4.08,30.93,1.19,0,0,426
7/25/2026 2:33,426,72526,93000,2.4,9.7,42383.57,98.29,7.32,1.567,3.67,9.26,8,0.07,-0.34,0,0,29.56,45564.79,6.16,21.345,4.45,4.45,29.29,1.2,0,0,427
7/25/2026 2:48,427,72526,94500,2.45,9.92,42391.53,95.58,7.12,1.501,3.81,9.7,7.97,0.06,-0.35,0,0,29.56,45558.69,6.17,21.36,3.9,3.9,29.29,1.2,0,0,428
7/25/2026 3:03,428,72526,100000,2.84,11.49,42371.8,96.07,7.16,1.435,3.87,9.88,7.97,0.1,-0.3,0,0,29.56,45564.54,6.16,21.331,5.13,5.13,32.78,1.2,0,0,429
7/25/2026 3:18,429,72526,101500,3.19,12.89,42371.45,94.75,7.06,1.368,3.98,10.19,7.99,0.12,-0.28,0,0,29.56,45559.21,6.16,21.337,3.89,3.89,32.78,1.2,0,0,430
7/25/2026 3:33,430,72526,103000,2.41,9.73,42362.97,91.92,6.85,1.322,3.59,9.02,7.95,0.08,-0.33,0,0,29.57,45568.7,6.16,21.317,3.9,3.9,29.63,1.19,0,0,431
7/25/2026 3:48,431,72526,104500,2.89,11.67,42377.63,86.32,6.43,1.274,3.65,9.22,7.98,0.09,-0.32,0,0,29.57,45565.92,6.17,21.337,4.66,4.66,29.63,1.19,0,0,432
7/25/2026 4:03,432,72526,110000,2.43,9.81,42356.84,91.4,6.82,1.256,3.7,9.36,7.95,0.08,-0.33,0,0,29.57,45566.58,6.17,21.312,4.81,4.81,30.2,1.19,0,0,433
7/25/2026 4:18,433,72526,111500,2.35,9.49,42367.79,88.02,6.56,1.252,3.7,9.35,7.98,0.09,-0.32,0,0,29.57,45567.66,6.17,21.323,4.55,4.55,30.2,1.19,0,0,434
7/25/2026 4:33,434,72526,113000,1.6,6.49,42346.88,93.01,6.94,1.247,3.83,9.74,7.97,0.05,-0.36,0,0,29.57,45566.55,6.17,21.301,4.5,4.5,31.77,1.2,0,0,435
7/25/2026 4:48,435,72526,114500,1.8,7.27,42349,93.8,6.99,1.242,3.81,9.68,7.94,0.04,-0.36,0,0,29.56,45554.61,6.17,21.316,2.88,2.88,31.77,1.2,0,0,436
7/25/2026 5:03,436,72526,120000,1.33,5.4,42336.09,87.91,6.56,1.247,3.65,9.21,7.93,0.03,-0.38,0,0,29.57,45567.06,6.17,21.288,4.06,4.06,30.73,1.2,0,0,437
7/25/2026 5:18,437,72526,121500,1.48,6,42329.14,84.94,6.34,1.25,4.34,11.29,7.91,0.06,-0.35,0,0,29.56,45554.4,6.17,21.293,3.73,3.73,30.73,1.2,0,0,438
7/25/2026 5:33,438,72526,123000,1.94,7.85,42322.78,80.66,6.02,1.31,3.65,9.21,7.93,0.06,-0.35,0,0,29.56,45561.41,6.17,21.278,4.02,4.02,29.87,1.2,0,0,439
7/25/2026 5:48,439,72526,124500,1.38,5.61,42307.25,88.79,6.62,1.351,3.51,8.78,7.97,0.04,-0.36,0,0,29.55,45542.84,6.17,21.28,3.86,3.86,29.87,1.2,0,0,440
7/25/2026 6:03,440,72526,130000,1.98,8.02,42278.76,90.34,6.75,1.413,4.12,10.62,7.95,0.07,-0.33,0,0,29.56,45553.42,6.17,21.236,4.82,4.82,32.96,1.2,0,0,441
7/25/2026 6:18,441,72526,131500,2.51,10.15,42277.3,88.09,6.58,1.477,3.47,8.67,7.95,0.07,-0.33,0,0,29.56,45562.13,6.17,21.225,4.74,4.74,32.96,1.2,0,0,442
7/25/2026 6:33,442,72526,133000,2.11,8.53,42246.88,94.52,7.06,1.531,4.11,10.59,7.96,0.07,-0.34,0,0,29.56,45561.88,6.16,21.191,4.88,4.88,29.56,1.2,0,0,443
7/25/2026 6:48,443,72526,134500,2.12,8.56,42238.93,86.95,6.5,1.598,3.99,10.24,7.93,0.06,-0.35,0,0,29.56,45552.96,6.17,21.191,4.32,4.32,29.56,1.2,0,0,444
7/25/2026 7:03,444,72526,140000,1.98,8,42241.3,87.64,6.55,1.686,4.12,10.61,7.93,0.05,-0.35,0,0,29.56,45561.45,6.17,21.185,4.63,4.63,29.51,1.19,0,0,445
7/25/2026 7:18,445,72526,141500,2.1,8.47,42236.12,86.17,6.44,1.761,3.92,10.01,7.94,0.06,-0.34,0,0,29.56,45558.52,6.17,21.182,4.33,4.33,29.51,1.19,0,0,446
7/25/2026 7:33,446,72526,143000,1.56,6.32,42237.17,87.96,6.57,1.838,3.93,10.06,7.93,0.05,-0.35,0,0,29.57,45564.34,6.17,21.177,4.24,4.24,32.72,1.2,0,0,447
7/25/2026 7:48,447,72526,144500,1.61,6.53,42247.5,88.21,6.59,1.933,3.38,8.39,7.93,0.04,-0.36,0,0,29.56,45555.16,6.17,21.199,3.87,3.87,32.72,1.2,0,0,448
7/25/2026 8:03,448,72526,150000,1.72,6.95,42224.36,90.72,6.78,2.007,3.91,9.99,7.94,0.05,-0.35,0,0,29.56,45561.35,6.16,21.165,5.11,5.11,29.8,1.2,0,0,449
7/25/2026 8:18,449,72526,151500,1.34,5.43,42231.04,86.17,6.44,2.104,3.79,9.64,7.92,0.04,-0.36,0,0,29.56,45560.28,6.16,21.174,4.63,4.63,29.8,1.2,0,0,450
7/25/2026 8:33,450,72526,153000,1.44,5.85,42215.98,89.96,6.73,2.18,3.49,8.72,7.93,0.03,-0.37,0,0,29.57,45564.98,6.17,21.152,5.67,5.67,30.34,1.19,0,0,451
7/25/2026 8:48,451,72526,154500,1.48,6,42225.34,82.92,6.2,2.255,3.83,9.74,7.94,0.05,-0.36,0,0,29.57,45575.18,6.17,21.152,4.83,4.83,30.34,1.19,0,0,452
7/25/2026 9:03,452,72526,160000,1.58,6.42,42207.77,95.07,7.11,2.334,3.83,9.75,7.96,0.04,-0.37,0,0,29.57,45575.07,6.16,21.132,4.8,4.8,29.89,1.19,0,0,453
7/25/2026 9:18,453,72526,161500,1.5,6.08,42194.13,90.34,6.76,2.409,3.72,9.43,7.96,0.02,-0.39,0,0,29.57,45563.75,6.17,21.128,5.04,5.04,29.89,1.19,0,0,454
7/25/2026 9:33,454,72526,163000,1.6,6.47,42199.17,93.98,7.03,2.472,3.79,9.62,7.95,0.03,-0.37,0,0,29.58,45577.84,6.17,21.119,4.69,4.69,30.59,1.19,0,0,455
7/25/2026 9:48,455,72526,164500,1.56,6.31,42215.63,80.76,6.04,2.546,3.84,9.77,7.94,0.05,-0.35,0,0,29.57,45573.02,6.17,21.143,5.33,5.33,30.59,1.19,0,0,456
7/25/2026 10:03,456,72526,170000,1.44,5.85,42245.15,90.37,6.75,2.589,3.87,9.87,7.95,0.03,-0.37,0,0,29.57,45567.89,6.17,21.182,4.73,4.73,32.63,1.2,0,0,457
7/25/2026 10:18,457,72526,171500,1.32,5.34,42255.85,78.59,5.87,2.64,3.85,9.82,7.96,0.04,-0.36,0,0,29.57,45574.82,6.16,21.187,4.85,4.85,32.63,1.2,0,0,458
7/25/2026 10:33,458,72526,173000,1.45,5.87,42293.56,94.46,7.05,2.679,3.82,9.71,7.97,0.07,-0.34,0,0,29.57,45569.91,6.17,21.236,4.73,4.73,30.04,1.2,0,0,459
7/25/2026 10:48,459,72526,174500,1.96,7.95,42660.57,95.91,7.11,2.72,3.81,9.7,8.02,0.07,-0.33,0,0,29.57,45584.26,6.17,21.642,4.03,4.03,30.04,1.2,0,0,460
7/25/2026 11:03,460,72526,180000,2.22,8.96,42693.64,103.49,7.66,2.747,3.88,9.89,8.02,0.09,-0.31,0,0,29.58,45585.45,6.17,21.679,4.16,4.16,30.51,1.19,0,0,461
7/25/2026 11:18,461,72526,181500,2.01,8.15,42690.75,100.55,7.45,2.774,3.72,9.43,8.02,0.12,-0.29,0,0,29.56,45562.47,6.17,21.7,4.01,4.01,30.51,1.19,0,0,462
7/25/2026 11:33,462,72526,183000,1.89,7.66,42576.42,103.31,7.67,2.792,3.83,9.75,8.03,0.07,-0.34,0,0,29.57,45580.05,6.17,21.55,4.24,4.24,32.82,1.19,0,0,463
7/25/2026 11:48,463,72526,184500,1.63,6.61,42476.75,102.88,7.65,2.804,3.82,9.73,8.01,0.05,-0.36,0,0,29.56,45557.39,6.17,21.46,3.88,3.88,32.82,1.19,0,0,464
7/25/2026 12:03,464,72526,190000,1.73,7.01,42422.52,104.9,7.81,2.796,3.68,9.31,8.03,0.05,-0.35,0,0,29.58,45583.35,6.17,21.37,4.5,4.5,30.34,1.19,0,0,465
7/25/2026 12:18,465,72526,191500,1.83,7.39,42428.68,103.96,7.74,2.78,3.53,8.84,8.03,0.08,-0.33,0,0,29.58,45586.85,6.17,21.373,4.91,4.91,30.34,1.19,0,0,466
7/25/2026 12:33,466,72526,193000,1.9,7.7,42470.3,106.65,7.93,2.757,3.85,9.81,8.04,0.09,-0.32,0,0,29.58,45582.28,6.17,21.426,4.99,4.99,33.12,1.2,0,0,467
7/25/2026 12:48,467,72526,194500,2.02,8.18,42468.77,106.63,7.93,2.725,3.88,9.91,8.04,0.09,-0.31,0,0,29.58,45585.47,6.17,21.42,4.87,4.87,33.12,1.2,0,0,468
7/25/2026 13:03,468,72526,200000,1.82,7.36,42463.03,105.87,7.88,2.698,3.8,9.65,8.03,0.06,-0.35,0,0,29.58,45584.09,6.16,21.415,5.43,5.43,30.58,1.2,0,0,469
7/25/2026 13:18,469,72526,201500,2.39,9.68,42527.99,109.05,8.1,2.668,3.91,9.98,8.06,0.12,-0.29,0,0,29.58,45583.35,6.17,21.491,4.64,4.64,30.58,1.2,0,0,470
7/25/2026 13:33,470,72526,203000,1.97,7.98,42602.57,112.1,8.32,2.641,3.89,9.93,8.07,0.08,-0.32,0,0,29.58,45589.96,6.17,21.569,4.79,4.79,30.79,1.2,0,0,471
7/25/2026 13:48,471,72526,204500,2.14,8.64,42491.97,109.16,8.12,2.602,3.93,10.05,8.05,0.08,-0.32,0,0,29.57,45579.17,6.17,21.454,4.69,4.69,30.79,1.2,0,0,472
7/25/2026 14:03,472,72526,210000,2.75,11.11,42672.76,114.13,8.46,2.55,3.88,9.89,8.08,0.14,-0.27,0,0,29.58,45588.41,6.16,21.652,4.75,4.75,30,1.19,0,0,473
7/25/2026 14:18,473,72526,211500,2.96,11.97,42766.07,115.71,8.56,2.504,3.88,9.91,8.12,0.14,-0.27,0,0,29.58,45591.44,6.17,21.755,4.55,4.55,30,1.19,0,0,474
7/25/2026 14:33,474,72526,213000,2.8,11.31,42903.41,122.24,9.01,2.473,4.23,10.96,8.11,0.12,-0.28,0,0,29.57,45584.79,6.17,21.92,4.01,4.01,29.34,1.19,0,0,475
7/25/2026 14:48,475,72526,214500,2.4,9.69,43067.65,115.96,8.52,2.435,3.99,10.24,8.07,0.1,-0.3,0,0,29.55,45564.08,6.17,22.131,4.15,4.15,29.34,1.19,0,0,476
7/25/2026 15:03,476,72526,220000,2.16,8.73,42969.25,113.89,8.39,2.405,3.86,9.85,8.07,0.08,-0.33,0,0,29.61,45637.27,6.17,21.939,4.68,4.68,32.94,1.21,0,0,477
7/25/2026 15:18,477,72526,221500,3.26,13.16,43123.67,123.85,9.1,2.393,3.89,9.92,8.12,0.15,-0.25,0,0,29.59,45614.02,6.17,22.142,4.59,4.59,32.94,1.21,0,0,478
7/25/2026 15:33,478,72526,223000,3.54,14.31,43163.05,123.35,9.05,2.365,3.91,10,8.13,0.16,-0.25,0,0,29.58,45602.27,6.17,22.2,4.57,4.57,30.44,1.2,0,0,479
7/25/2026 15:48,479,72526,224500,3.86,15.59,43260.98,125.85,9.22,2.348,3.92,10.02,8.14,0.18,-0.23,0,0,29.58,45603.2,6.17,22.311,4.52,4.52,30.44,1.2,0,0,480
7/25/2026 16:03,480,72526,230000,3.53,14.24,43236.32,128.79,9.43,2.347,3.92,10.01,8.14,0.16,-0.25,0,0,29.58,45601.72,6.17,22.284,4.39,4.39,30.28,1.19,0,0,481
7/25/2026 16:18,481,72526,231500,3.8,15.35,43281.66,129.53,9.48,2.334,3.81,9.68,8.13,0.16,-0.24,0,0,29.58,45601.92,6.17,22.336,4.56,4.56,30.28,1.19,0,0,482
7/25/2026 16:33,482,72526,233000,3.38,13.64,43262.88,130.84,9.58,2.35,3.96,10.14,8.14,0.14,-0.26,0,0,29.58,45608.28,6.17,22.308,4.61,4.61,32.48,1.2,0,0,483
7/25/2026 16:48,483,72526,234500,3.73,15.07,43258.5,130.43,9.55,2.374,3.91,10,8.14,0.14,-0.26,0,0,29.58,45598.02,6.16,22.314,4.75,4.75,32.48,1.2,0,0,484
7/25/2026 17:03,484,72626,0,4.04,16.32,43474.83,130.14,9.49,2.381,3.9,9.97,8.16,0.17,-0.23,0,0,29.58,45613.29,6.16,22.545,4.19,4.19,30.55,1.19,0,0,485
7/25/2026 17:18,485,72626,1500,3.68,14.86,43264.69,127.42,9.33,2.428,4,10.25,8.13,0.12,-0.28,0,0,29.59,45617.43,6.17,22.3,4.71,4.71,30.55,1.19,0,0,486
7/25/2026 17:33,486,72626,3000,3.59,14.49,43289.68,127.54,9.33,2.46,3.91,10,8.13,0.12,-0.28,0,0,29.58,45608.96,6.17,22.338,4.77,4.77,29.92,1.19,0,0,487
7/25/2026 17:48,487,72626,4500,4.19,16.92,43296.27,115.52,8.45,2.501,3.91,10,8.12,0.17,-0.23,0,0,29.58,45610.09,6.17,22.344,4.45,4.45,29.92,1.19,0,0,488
7/25/2026 18:03,488,72626,10000,4.3,17.35,43304.71,126.57,9.26,2.555,3.93,10.06,8.12,0.19,-0.22,0,0,29.58,45605.05,6.17,22.359,4.21,4.21,30.18,1.19,0,0,489
7/25/2026 18:18,489,72626,11500,4.43,17.9,43334.35,127.69,9.34,2.597,3.94,10.07,8.14,0.19,-0.21,0,0,29.58,45603.28,6.17,22.395,4.38,4.38,30.18,1.19,0,0,490
7/25/2026 18:33,490,72626,13000,4.36,17.6,43335.56,129.09,9.44,2.66,3.87,9.86,8.14,0.19,-0.22,0,0,29.58,45606.46,6.17,22.393,4.43,4.43,29.33,1.19,0,0,491
7/25/2026 18:48,491,72626,14500,3.95,15.94,43332.83,125.43,9.17,2.722,3.92,10.03,8.14,0.14,-0.26,0,0,29.58,45607.16,6.17,22.389,42.3,42.3,29.33,1.19,0,0,492
7/25/2026 19:03,492,72626,20000,4.21,16.99,43320.55,129.08,9.44,2.788,3.95,10.12,8.14,0.14,-0.27,0,0,29.58,45609.87,6.17,22.372,4.76,4.76,32.6,1.2,0,0,493
7/25/2026 19:18,493,72626,21500,3.5,14.13,43317.89,129.42,9.47,2.846,3.94,10.07,8.14,0.09,-0.31,0,0,29.58,45606.89,6.17,22.372,5.39,5.39,32.6,1.2,0,0,494
7/25/2026 19:33,494,72626,23000,4.37,17.66,43317.5,128.72,9.41,2.9,4,10.27,8.14,0.15,-0.26,0,0,29.58,45603.57,6.17,22.375,16.19,16.19,30.4,1.19,0,0,495
7/25/2026 19:48,495,72626,24500,3.95,15.95,43265.61,121.79,8.92,2.95,3.93,10.05,8.13,0.12,-0.28,0,0,29.58,45597.35,6.17,22.323,5.19,5.19,30.4,1.19,0,0,496
7/25/2026 20:03,496,72626,30000,3.2,12.92,43154.26,122.28,8.97,3.024,3.97,10.18,8.11,0.11,-0.29,0,0,29.58,45601.37,6.17,22.19,9.64,9.64,30.3,1.19,0,0,497
7/25/2026 20:18,497,72626,31500,3.1,12.51,43114.25,118.32,8.69,3.061,3.93,10.06,8.09,0.1,-0.31,0,0,29.58,45601.55,6.17,22.144,5.98,5.98,30.3,1.19,0,0,498
7/25/2026 20:33,498,72626,33000,4.08,16.49,43185.86,124.37,9.12,3.13,3.92,10.02,8.12,0.13,-0.27,0,0,29.58,45605.36,6.17,22.222,5.41,5.41,32.87,1.2,0,0,499
7/25/2026 20:48,499,72626,34500,4.43,17.89,43195.92,120.45,8.83,3.168,4.12,10.63,8.12,0.17,-0.23,0,0,29.59,45611.35,6.17,22.227,5.05,5.05,32.87,1.2,0,0,500
7/25/2026 21:03,500,72626,40000,5,20.2,43200.9,124.27,9.11,3.204,3.96,10.15,8.12,0.2,-0.2,0,0,29.59,45608.85,6.16,22.236,5.31,5.31,30.29,1.19,0,0,501
7/25/2026 21:18,501,72626,41500,4.47,18.02,43193.2,124.32,9.12,3.235,4.09,10.54,8.12,0.16,-0.24,0,0,29.59,45609.66,6.17,22.226,6.45,6.45,30.29,1.19,0,0,502
7/25/2026 21:33,502,72626,43000,4.72,19.07,43188.23,124.17,9.11,3.253,4,10.27,8.12,0.19,-0.22,0,0,29.59,45608.75,6.17,22.221,6.13,6.13,30.71,1.19,0,0,503
7/25/2026 21:48,503,72626,44500,4.88,19.68,43154.5,120.43,8.84,3.256,3.98,10.21,8.12,0.18,-0.22,0,0,29.59,45613.48,6.16,22.178,5.15,5.15,30.71,1.19,0,0,504
7/25/2026 22:03,504,72626,50000,3.84,15.5,43106.39,118.93,8.74,3.272,4,10.25,8.09,0.13,-0.27,0,0,29.59,45607.46,6.17,22.129,5.46,5.46,32.27,1.2,0,0,505
7/25/2026 22:18,505,72626,51500,3.85,15.54,43070.42,113.75,8.36,3.256,3.88,9.91,8.09,0.14,-0.26,0,0,29.58,45604.84,6.16,22.09,5.47,5.47,32.27,1.2,0,0,506
7/25/2026 22:33,506,72626,53000,3.95,15.94,43025.26,115.62,8.51,3.225,3.89,9.94,8.08,0.17,-0.24,0,0,29.58,45602.5,6.17,22.041,6.5,6.5,29.78,1.2,0,0,507
7/25/2026 22:48,507,72626,54500,3.94,15.89,43024.68,111.3,8.19,3.186,4.25,11,8.06,0.15,-0.26,0,0,29.58,45592.63,6.17,22.051,4.96,4.96,29.78,1.2,0,0,508
7/25/2026 23:03,508,72626,60000,4.09,16.51,43002,111.56,8.21,3.132,5.14,13.69,8.06,0.23,-0.18,0,0,29.58,45592.85,6.17,22.025,5.13,5.13,30.29,1.2,0,0,509
7/25/2026 23:18,509,72626,61500,3.21,12.97,42951.54,107.33,7.91,3.062,4.3,11.15,8.04,0.13,-0.27,0,0,29.57,45582.25,6.17,21.978,5.02,5.02,30.29,1.2,0,0,510
7/25/2026 23:33,510,72626,63000,4.01,16.17,42916.58,108.38,7.99,2.967,4.24,10.97,8.04,0.17,-0.23,0,0,29.58,45590.64,6.17,21.929,5.28,5.28,30.11,1.2,0,0,511
7/25/2026 23:48,511,72626,64500,3.97,16.04,42875.52,106.31,7.84,2.885,4.13,10.64,8.04,0.16,-0.24,0,0,29.57,45585.26,6.17,21.888,4.73,4.73,30.11,1.2,0,0,512
7/26/2026 0:03,512,72626,70000,3.89,15.71,42856.87,107.09,7.91,2.795,4.08,10.5,8.04,0.18,-0.22,0,0,29.58,45600.27,6.17,21.85,5.13,5.13,30.54,1.19,0,0,513
7/26/2026 0:18,513,72626,71500,3.81,15.37,42879.06,100.52,7.42,2.689,3.82,9.73,8.04,0.13,-0.27,0,0,29.58,45601.4,6.17,21.874,5.05,5.05,30.54,1.19,0,0,514
7/26/2026 0:33,514,72626,73000,3.61,14.56,42900.28,105.28,7.77,2.585,4.03,10.34,8.04,0.14,-0.26,0,0,29.59,45604.85,6.17,21.895,4.39,4.39,30.84,1.19,0,0,515
7/26/2026 0:48,515,72626,74500,2.91,11.75,42889.73,104.85,7.74,2.465,4.35,11.31,8.04,0.09,-0.31,0,0,29.59,45603.81,6.17,21.884,4.5,4.5,30.84,1.19,0,0,516
7/26/2026 1:03,516,72626,80000,4.41,17.81,42907.05,114.76,8.47,2.35,3.77,9.58,8.09,0.15,-0.26,0,0,29.59,45608.38,6.17,21.899,4.81,4.81,29.78,1.19,0,0,517
7/26/2026 1:18,517,72626,81500,3.97,16.01,42883.75,109.95,8.11,2.242,4.4,11.45,8.07,0.15,-0.26,0,0,29.58,45598.87,6.17,21.883,4.61,4.61,29.78,1.19,0,0,518
7/26/2026 1:33,518,72626,83000,4.78,19.3,42925.68,117.13,8.64,2.119,3.72,9.42,8.11,0.2,-0.2,0,0,29.6,45618.09,6.17,21.91,4.36,4.36,30.21,1.19,0,0,519
7/26/2026 1:48,519,72626,84500,4.55,18.36,42987.93,115.85,8.53,2.008,3.88,9.89,8.11,0.19,-0.22,0,0,29.6,45624.25,6.16,21.975,4.28,4.28,30.21,1.19,0,0,520
7/26/2026 2:03,520,72626,90000,4.82,19.46,43037.86,118.02,8.68,1.921,4.04,10.37,8.13,0.2,-0.21,0,0,29.6,45621.6,6.17,22.035,4.25,4.25,30.06,1.19,0,0,521
7/26/2026 2:18,521,72626,91500,4.74,19.14,43037.1,113.36,8.34,1.807,4.31,11.18,8.12,0.18,-0.22,0,0,29.59,45617.84,6.17,22.038,4.38,4.38,30.06,1.19,0,0,522
7/26/2026 2:33,522,72626,93000,4.6,18.59,43058.97,115.58,8.5,1.72,4.1,10.56,8.13,0.17,-0.24,0,0,29.6,45620.59,6.16,22.06,4.34,4.34,32.51,1.2,0,0,523
7/26/2026 2:48,523,72626,94500,5.32,21.47,43097.49,115.84,8.51,1.63,4.16,10.75,8.14,0.24,-0.16,0,0,29.6,45625.64,6.17,22.099,4.44,4.44,32.51,1.2,0,0,524
7/26/2026 3:03,524,72626,100000,4.01,16.18,43052.11,115.85,8.52,1.549,4.13,10.64,8.12,0.17,-0.23,0,0,29.59,45614.02,6.17,22.059,4.13,4.13,30.57,1.2,0,0,525
7/26/2026 3:18,525,72626,101500,4.33,17.47,43056.06,113.87,8.37,1.48,4.05,10.4,8.12,0.16,-0.24,0,0,29.59,45612.8,6.17,22.065,4.32,4.32,30.57,1.2,0,0,526
7/26/2026 3:33,526,72626,103000,4.36,17.61,43043.34,117.92,8.67,1.408,4.13,10.66,8.14,0.15,-0.25,0,0,29.58,45595.71,6.17,22.069,4.56,4.56,30.36,1.2,0,0,527
7/26/2026 3:48,527,72626,104500,4.21,16.98,43025.8,115.8,8.52,1.347,4.29,11.14,8.12,0.16,-0.24,0,0,29.58,45600.64,6.17,22.044,4.42,4.42,30.36,1.2,0,0,528
7/26/2026 4:03,528,72626,110000,4.05,16.35,42982.28,114.19,8.41,1.28,4.08,10.5,8.11,0.17,-0.24,0,0,29.58,45590.18,6.17,22.005,4.41,4.41,30,1.2,0,0,529
7/26/2026 4:18,529,72626,111500,4.08,16.49,43011.86,112.46,8.27,1.231,4.4,11.46,8.11,0.15,-0.25,0,0,29.57,45587.28,6.17,22.042,4.11,4.11,30,1.2,0,0,530
7/26/2026 4:33,530,72626,113000,4.24,17.11,42996.27,112.11,8.25,1.203,4.08,10.5,8.11,0.17,-0.24,0,0,29.58,45596.39,6.17,22.014,4.86,4.86,30.73,1.2,0,0,531
7/26/2026 4:48,531,72626,114500,3.87,15.64,42999.32,111.67,8.22,1.161,4.11,10.6,8.07,0.15,-0.26,0,0,29.58,45591.27,6.17,22.023,4.05,4.05,30.73,1.2,0,0,532
7/26/2026 5:03,532,72626,120000,3.81,15.38,42949.76,112.44,8.28,1.15,3.92,10.02,8.1,0.13,-0.27,0,0,29.58,45591.46,6.17,21.966,4.83,4.83,30,1.2,0,0,533
7/26/2026 5:18,533,72626,121500,4.35,17.54,42880.64,105.84,7.81,1.157,4.4,11.46,8.07,0.15,-0.26,0,0,29.55,45558.05,6.17,21.923,4.09,4.09,30,1.2,0,0,534
7/26/2026 5:33,534,72626,123000,3.68,14.84,42872.89,104.27,7.69,1.152,4.46,11.63,8.07,0.13,-0.28,0,0,29.56,45570.46,6.16,21.901,4.14,4.14,30.19,1.19,0,0,535
7/26/2026 5:48,535,72626,124500,3.37,13.62,42863.47,100.42,7.41,1.166,3.83,9.76,8.02,0.12,-0.28,0,0,29.56,45565.33,6.17,21.895,3.74,3.74,30.19,1.19,0,0,536
7/26/2026 6:03,536,72626,130000,2.58,10.41,42874.27,99.56,7.35,1.2,4.14,10.68,8.03,0.08,-0.33,0,0,29.58,45597.09,6.17,21.874,6.03,6.03,30.95,1.19,0,0,537
7/26/2026 6:18,537,72626,131500,2.07,8.38,42857.51,94.32,6.96,1.234,4.19,10.83,8.02,0.05,-0.35,0,0,29.57,45584.93,6.17,21.867,3.36,3.36,30.95,1.19,0,0,538
7/26/2026 6:33,538,72626,133000,1.67,6.76,42841.89,97.13,7.17,1.305,3.82,9.72,8.01,0.06,-0.35,0,0,29.59,45606.66,6.17,21.826,3.79,3.79,30.46,1.19,0,0,539
7/26/2026 6:48,539,72626,134500,1.18,4.78,42812.89,87.4,6.46,1.361,4.23,10.94,7.98,0.03,-0.38,0,0,29.59,45600.73,6.17,21.799,3.3,3.3,30.46,1.19,0,0,540
7/26/2026 7:03,540,72626,140000,1.42,5.77,42808,91.8,6.78,1.4,4.18,10.8,7.99,0.05,-0.35,0,0,29.58,45596.09,6.17,21.799,3.48,3.48,30.42,1.19,0,0,541
7/26/2026 7:18,541,72626,141500,1.05,4.26,42797.65,69.96,5.17,1.499,4.08,10.51,7.97,0.03,-0.37,0,0,29.58,45589.25,6.17,21.794,3.21,3.21,30.42,1.19,0,0,542
7/26/2026 7:33,542,72626,143000,1,4.05,42787.78,86.9,6.43,1.568,4.26,11.05,7.95,0.03,-0.37,0,0,29.59,45601.5,6.16,21.77,3.51,3.51,30.36,1.2,0,0,543
7/26/2026 7:48,543,72626,144500,0.88,3.57,42762.76,86.43,6.39,1.657,4.11,10.59,7.95,0,-0.4,0,0,29.58,45593.3,6.17,21.75,4.12,4.12,30.36,1.2,0,0,544
7/26/2026 8:03,544,72626,150000,0.8,3.27,42733.63,79.22,5.86,1.745,4.11,10.59,7.91,0.01,-0.4,0,0,29.59,45603.05,6.17,21.706,3.08,3.08,33.09,1.2,0,0,545
7/26/2026 8:18,545,72626,151500,1.16,4.72,42731.45,81.69,6.05,1.837,4.23,10.96,7.93,0.01,-0.39,0,0,29.58,45595.91,6.17,21.711,3.45,3.45,33.09,1.2,0,0,546
7/26/2026 8:33,546,72626,153000,0.95,3.87,42684.07,82.51,6.11,1.941,4.15,10.71,7.94,0.02,-0.39,0,0,29.59,45600.01,6.17,21.652,3.32,3.32,29.75,1.2,0,0,547
7/26/2026 8:48,547,72626,154500,0.88,3.59,42559.75,78.04,5.8,2.017,4.13,10.63,7.88,0.02,-0.38,0,0,29.57,45580.07,6.17,21.531,5.13,5.13,29.75,1.2,0,0,548
7/26/2026 9:03,548,72626,160000,0.74,3.01,42587.55,76.38,5.67,2.096,3.96,10.13,7.88,0,-0.4,0,0,29.6,45610.3,6.17,21.53,4.07,4.07,30.28,1.2,0,0,549
7/26/2026 9:18,549,72626,161500,0.69,2.79,42653.23,81.68,6.05,2.185,4.21,10.89,7.89,0.01,-0.4,0,0,29.58,45591,6.17,21.626,3.55,3.55,30.28,1.2,0,0,550
7/26/2026 9:33,550,72626,163000,1.18,4.78,42654.84,83.37,6.18,2.252,4.19,10.83,7.91,0,-0.4,0,0,29.59,45598.61,6.17,21.62,3.7,3.7,30.08,1.2,0,0,551
7/26/2026 9:48,551,72626,164500,1.02,4.15,42659.54,80.41,5.96,2.332,4.07,10.47,7.89,0.03,-0.37,0,0,29.59,45598.8,6.17,21.625,3.28,3.28,30.08,1.2,0,0,552
7/26/2026 10:03,552,72626,170000,1.28,5.18,42654.13,85.09,6.31,2.413,4.17,10.77,7.93,0.03,-0.38,0,0,29.59,45600.84,6.17,21.617,3.25,3.25,29.91,1.2,0,0,553
7/26/2026 10:18,553,72626,171500,1.54,6.24,42657.28,90.94,6.74,2.49,4.09,10.52,7.96,0.05,-0.35,0,0,29.59,45606.73,6.16,21.614,3.4,3.4,29.91,1.2,0,0,554
7/26/2026 10:33,554,72626,173000,1.75,7.1,42661.23,96.47,7.15,2.557,4.15,10.7,7.98,0.06,-0.34,0,0,29.6,45614.9,6.17,21.61,3.5,3.5,30.33,1.2,0,0,555
7/26/2026 10:48,555,72626,174500,1.8,7.27,42660.11,93.47,6.93,2.614,4.07,10.47,7.96,0.06,-0.34,0,0,29.6,45612.73,6.16,21.611,3.31,3.31,30.33,1.2,0,0,556
7/26/2026 11:03,556,72626,180000,1.84,7.45,42666.71,95.62,7.09,2.666,4.05,10.4,7.97,0.06,-0.35,0,0,29.6,45614.15,6.17,21.617,3.61,3.61,30.37,1.2,0,0,557
7/26/2026 11:18,557,72626,181500,1.97,7.99,42678.66,94.15,6.98,2.693,4.09,10.52,7.97,0.06,-0.34,0,0,29.6,45617.47,6.17,21.627,3.59,3.59,30.37,1.2,0,0,558
7/26/2026 11:33,558,72626,183000,2.37,9.6,42721.11,97.6,7.23,2.726,4.08,10.5,7.98,0.08,-0.32,0,0,29.6,45620.43,6.17,21.673,3.57,3.57,30.59,1.19,0,0,559
7/26/2026 11:48,559,72626,184500,3.02,12.21,42694.88,105.79,7.84,2.773,4.03,10.35,8.07,0.15,-0.25,0,0,29.59,45610.56,6.17,21.653,4.52,4.52,30.59,1.19,0,0,560
7/26/2026 12:03,560,72626,190000,3.26,13.17,42716.71,114.41,8.47,2.782,4.03,10.35,8.08,0.17,-0.23,0,0,29.61,45626.45,6.17,21.661,4.39,4.39,32.38,1.2,0,0,561
7/26/2026 12:18,561,72626,191500,3.31,13.35,42751.92,104.77,7.75,2.81,3.98,10.2,8.09,0.15,-0.25,0,0,29.6,45626.61,6.17,21.701,13.25,13.25,32.38,1.2,0,0,562
7/26/2026 12:33,562,72626,193000,2.99,12.08,42763.09,114.07,8.44,2.808,4.03,10.36,8.09,0.12,-0.29,0,0,29.61,45628.46,6.17,21.712,4.62,4.62,30.11,1.2,0,0,563
7/26/2026 12:48,563,72626,194500,2.81,11.34,42780.49,111.44,8.24,2.797,3.94,10.08,8.1,0.13,-0.27,0,0,29.61,45629.01,6.17,21.732,4.64,4.64,30.11,1.2,0,0,564
7/26/2026 13:03,564,72626,200000,2.48,10.02,42754.24,112.39,8.32,2.778,4.06,10.43,8.08,0.12,-0.28,0,0,29.6,45624.57,6.17,21.706,4.38,4.38,30.21,1.19,0,0,565
7/26/2026 13:18,565,72626,201500,2.57,10.38,42811.81,99.79,7.38,2.751,4.06,10.44,8.09,0.11,-0.3,0,0,29.6,45623,6.17,21.774,4.11,4.11,30.21,1.19,0,0,566
7/26/2026 13:33,566,72626,203000,2.45,9.89,42801.93,112.1,8.29,2.71,4.12,10.63,8.08,0.1,-0.3,0,0,29.6,45624.05,6.17,21.761,4.25,4.25,30.43,1.19,0,0,567
7/26/2026 13:48,567,72626,204500,2.17,8.77,42808.35,97.05,7.18,2.681,4.09,10.52,8.07,0.08,-0.32,0,0,29.6,45623.98,6.17,21.769,4.47,4.47,30.43,1.19,0,0,568
7/26/2026 14:03,568,72626,210000,2.38,9.6,42825.23,112.63,8.32,2.647,4.15,10.72,8.08,0.11,-0.3,0,0,29.6,45622.4,6.17,21.79,4.4,4.4,30.32,1.2,0,0,569
7/26/2026 14:18,569,72626,211500,3.22,13,42882.2,114.76,8.47,2.61,4.1,10.56,8.09,0.14,-0.27,0,0,29.6,45627.73,6.17,21.85,4.58,4.58,30.32,1.2,0,0,570
7/26/2026 14:33,570,72626,213000,3.62,14.6,42934.99,117.21,8.64,2.575,4.16,10.73,8.1,0.19,-0.22,0,0,29.6,45627.2,6.17,21.911,5.88,5.88,30.34,1.2,0,0,571
7/26/2026 14:48,571,72626,214500,3.29,13.29,42956.22,119,8.77,2.521,3.74,9.48,8.11,0.14,-0.26,0,0,29.6,45625.56,6.17,21.937,9.84,9.84,30.34,1.2,0,0,572
7/26/2026 15:03,572,72626,220000,3.72,15,42993.25,124.22,9.15,2.469,3.78,9.61,8.13,0.16,-0.24,0,0,29.61,45634.25,6.17,21.97,4.22,4.22,30.65,1.19,0,0,573
7/26/2026 15:18,573,72626,221500,3.67,14.8,43031.89,120.62,8.88,2.424,3.79,9.63,8.13,0.16,-0.24,0,0,29.61,45634.18,6.17,22.014,4.25,4.25,30.65,1.19,0,0,574
7/26/2026 15:33,574,72626,223000,3.96,15.98,43154.6,132.84,9.75,2.384,4,10.26,8.17,0.17,-0.24,0,0,29.6,45628.5,6.17,22.161,4.14,4.14,29.97,1.2,0,0,575
7/26/2026 15:48,575,72626,224500,3.58,14.47,43190.97,109.04,8,2.36,3.97,10.16,8.18,0.14,-0.26,0,0,29.61,45640.14,6.17,22.19,4.41,4.41,29.97,1.2,0,0,576
7/26/2026 16:03,576,72626,230000,3.54,14.32,43152.95,134.47,9.87,2.323,3.99,10.22,8.18,0.11,-0.29,0,0,29.61,45635.79,6.17,22.151,8.54,8.54,32.59,1.2,0,0,577
7/26/2026 16:18,577,72626,231500,3.45,13.93,43193.5,130.05,9.54,2.305,4.14,10.68,8.17,0.14,-0.26,0,0,29.61,45644.7,6.16,22.188,54.04,54.04,32.59,1.2,0,0,578
7/26/2026 16:33,578,72626,233000,3.31,13.37,43142.27,131.05,9.62,2.285,4.09,10.53,8.15,0.13,-0.28,0,0,29.6,45624.8,6.17,22.151,4.47,4.47,29.85,1.19,0,0,579
7/26/2026 16:48,579,72626,234500,3.47,14.01,43187.02,124.83,9.16,2.288,4.09,10.52,8.16,0.16,-0.24,0,0,29.61,45642.09,6.17,22.184,4.64,4.64,29.85,1.19,0,0,580
7/26/2026 17:03,580,72726,0,3.21,12.95,43190.21,132.01,9.69,2.287,4.06,10.43,8.16,0.12,-0.28,0,0,29.61,45641.42,6.17,22.188,4.5,4.5,29.71,1.2,0,0,581
7/26/2026 17:18,581,72726,1500,3.27,13.2,43168.17,122.68,9,2.311,4.11,10.59,8.15,0.12,-0.28,0,0,29.61,45635.14,6.17,22.17,4.68,4.68,29.71,1.2,0,0,582
7/26/2026 17:33,582,72726,3000,3.63,14.67,43172.2,128.48,9.43,2.332,4.26,11.05,8.14,0.16,-0.24,0,0,29.6,45634.3,6.17,22.175,4.66,4.66,29.96,1.2,0,0,583
7/26/2026 17:48,583,72726,4500,4.05,16.36,43218.77,123.86,9.08,2.344,4.03,10.36,8.13,0.19,-0.22,0,0,29.6,45624.41,6.17,22.239,4.97,4.97,29.96,1.2,0,0,584
7/26/2026 18:03,584,72726,10000,4.22,17.05,43317.93,130.23,9.53,2.395,4.02,10.33,8.16,0.2,-0.21,0,0,29.62,45653.42,6.17,22.322,4.65,4.65,29.97,1.2,0,0,585
7/26/2026 18:18,585,72726,11500,3.51,14.19,43283.86,127.23,9.32,2.424,4.07,10.47,8.18,0.15,-0.26,0,0,29.6,45635.35,6.17,22.302,4.59,4.59,29.97,1.2,0,0,586
7/26/2026 18:33,586,72726,13000,3.78,15.24,43244.26,127.34,9.33,2.483,4.06,10.45,8.13,0.15,-0.26,0,0,29.61,45639.62,6.17,22.252,5.02,5.02,29.54,1.19,0,0,587
7/26/2026 18:48,587,72726,14500,3.8,15.33,43260.29,119.28,8.74,2.536,4.14,10.67,8.13,0.12,-0.28,0,0,29.6,45635.31,6.17,22.275,5.35,5.35,29.54,1.19,0,0,588
7/26/2026 19:03,588,72726,20000,4.71,19,43341.89,134.24,9.82,2.595,4.02,10.33,8.17,0.2,-0.2,0,0,29.61,45651,6.17,22.352,5.02,5.02,29.48,1.2,0,0,589
7/26/2026 19:18,589,72726,21500,4.52,18.23,43334.79,132.71,9.71,2.664,4.04,10.39,8.18,0.22,-0.18,0,0,29.61,45647.03,6.17,22.348,5.04,5.04,29.48,1.2,0,0,590
7/26/2026 19:33,590,72726,23000,4.14,16.73,43222.82,130.38,9.56,2.727,4.03,10.35,8.15,0.2,-0.2,0,0,29.61,45648.68,6.17,22.218,5.7,5.7,32.95,1.2,0,0,591
7/26/2026 19:48,591,72726,24500,5.44,21.96,43181.5,124.17,9.11,2.803,4,10.25,8.14,0.27,-0.13,0,0,29.61,45646,6.17,22.173,6.01,6.01,32.95,1.2,0,0,592
7/26/2026 20:03,592,72726,30000,6.11,24.63,43177.61,127.55,9.36,2.856,4.03,10.36,8.14,0.3,-0.1,0,0,29.61,45645.66,6.17,22.169,5.7,5.7,29.96,1.19,0,0,593
7/26/2026 20:18,593,72726,31500,5.77,23.26,43204.44,129.3,9.49,2.926,4.05,10.42,8.15,0.29,-0.12,0,0,29.61,45646.05,6.17,22.199,5.71,5.71,29.96,1.19,0,0,594
7/26/2026 20:33,594,72726,33000,6.22,25.1,43183.89,127.73,9.37,2.991,4.03,10.36,8.14,0.31,-0.1,0,0,29.61,45647.24,6.17,22.175,5.75,5.75,29.75,1.19,0,0,595
7/26/2026 20:48,595,72726,34500,5.63,22.7,43157.57,126.52,9.29,3.058,4.07,10.46,8.14,0.27,-0.13,0,0,29.61,45643.86,6.17,22.148,5.78,5.78,29.75,1.19,0,0,596
7/26/2026 21:03,596,72726,40000,5.05,20.38,43102.8,124.07,9.12,3.118,4.12,10.63,8.12,0.22,-0.18,0,0,29.62,45649.11,6.17,22.08,5.57,5.57,30.51,1.2,0,0,597
7/26/2026 21:18,597,72726,41500,5.33,21.5,43079.43,109.41,8.05,3.163,4.07,10.48,8.12,0.26,-0.14,0,0,29.62,45647.88,6.17,22.054,5.2,5.2,30.51,1.2,0,0,598
7/26/2026 21:33,598,72726,43000,5.79,23.37,43044.89,123.83,9.11,3.216,4.33,11.24,8.13,0.27,-0.13,0,0,29.61,45645.1,6.17,22.017,5.31,5.31,30.48,1.2,0,0,599
7/26/2026 21:48,599,72726,44500,4.92,19.86,43022.79,119.86,8.83,3.243,3.75,9.52,8.12,0.24,-0.17,0,0,29.61,45644.37,6.17,21.993,5.29,5.29,30.48,1.2,0,0,600
7/26/2026 22:03,600,72726,50000,4.32,17.44,43004.05,120.18,8.85,3.267,4.15,10.72,8.11,0.19,-0.22,0,0,29.62,45650.4,6.17,21.965,5.33,5.33,29.5,1.19,0,0,601
7/26/2026 22:18,601,72726,51500,5.71,23.05,43012.45,120.38,8.87,3.297,4.38,11.4,8.12,0.3,-0.1,0,0,29.62,45648.2,6.17,21.977,5.1,5.1,29.5,1.19,0,0,602
7/26/2026 22:33,602,72726,53000,4.5,18.15,42996.98,121.45,8.95,3.31,3.71,9.4,8.12,0.21,-0.19,0,0,29.62,45651.68,6.17,21.955,5.12,5.12,33.04,1.19,0,0,603
7/26/2026 22:48,603,72726,54500,5.1,20.59,42974.47,117.96,8.69,3.313,3.67,9.26,8.12,0.22,-0.18,0,0,29.62,45647.58,6.17,21.934,4.94,4.94,33.04,1.19,0,0,604
7/26/2026 23:03,604,72726,60000,5.14,20.75,42956.02,118.05,8.7,3.307,3.75,9.52,8.1,0.26,-0.14,0,0,29.62,45650.76,6.17,21.909,4.67,4.67,30.13,1.19,0,0,605
7/26/2026 23:18,605,72726,61500,4.49,18.1,42937.39,116.6,8.6,3.265,4.21,10.89,8.1,0.21,-0.2,0,0,29.62,45655.38,6.17,21.883,4.66,4.66,30.13,1.19,0,0,606
7/26/2026 23:33,606,72726,63000,5.45,22,42930.41,121.02,8.93,3.218,4.09,10.51,8.12,0.24,-0.16,0,0,29.63,45658,6.17,21.872,5.02,5.02,33.02,1.2,0,0,607
7/26/2026 23:48,607,72726,64500,5.15,20.77,42903.72,118.79,8.77,3.145,4.03,10.34,8.12,0.22,-0.19,0,0,29.62,45656.84,6.17,21.843,4.76,4.76,33.02,1.2,0,0,608
7/27/2026 0:03,608,72726,70000,5.15,20.77,42902.39,119.79,8.84,3.066,4.08,10.49,8.12,0.21,-0.19,0,0,29.63,45659.11,6.17,21.839,4.79,4.79,30.15,1.2,0,0,609
7/27/2026 0:18,609,72726,71500,5,20.16,42917.56,120.27,8.88,2.982,4.08,10.5,8.12,0.23,-0.17,0,0,29.63,45666.37,6.17,21.849,4.51,4.51,30.15,1.2,0,0,610
7/27/2026 0:33,610,72726,73000,4.83,19.49,42878.69,117.84,8.7,2.888,4.13,10.64,8.11,0.23,-0.17,0,0,29.62,45651.08,6.17,21.82,3.94,3.94,30.42,1.2,0,0,611
7/27/2026 0:48,611,72726,74500,4.55,18.37,42867.77,112.31,8.3,2.775,4.06,10.44,8.11,0.19,-0.22,0,0,29.63,45656.22,6.17,21.802,4.5,4.5,30.42,1.2,0,0,612
7/27/2026 1:03,612,72726,80000,4.42,17.83,42848.18,116.9,8.64,2.672,4.12,10.61,8.11,0.2,-0.21,0,0,29.62,45654.99,6.16,21.781,4.73,4.73,29.87,1.2,0,0,613
7/27/2026 1:18,613,72726,81500,4.27,17.23,42825.22,111.95,8.28,2.545,4.11,10.58,8.1,0.19,-0.22,0,0,29.63,45658.23,6.17,21.751,4.46,4.46,29.87,1.2,0,0,614
7/27/2026 1:33,614,72726,83000,4.41,17.78,42800.98,115.52,8.55,2.43,4.1,10.56,8.11,0.18,-0.22,0,0,29.63,45659.94,6.17,21.722,4.65,4.65,30.44,1.19,0,0,615
7/27/2026 1:48,615,72726,84500,3.75,15.13,42765.48,112.35,8.32,2.307,4.22,10.93,8.1,0.14,-0.26,0,0,29.62,45653.96,6.17,21.688,4.33,4.33,30.44,1.19,0,0,616
7/27/2026 2:03,616,72726,90000,4.26,17.18,42781.26,117.08,8.66,2.185,4.15,10.72,8.13,0.17,-0.24,0,0,29.63,45658.03,6.17,21.701,4.52,4.52,30.08,1.19,0,0,617
7/27/2026 2:18,617,72726,91500,4.1,16.54,42812.78,121.24,8.97,2.072,4.26,11.03,8.15,0.16,-0.25,0,0,29.64,45669.85,6.17,21.725,4.21,4.21,30.08,1.19,0,0,618
7/27/2026 2:33,618,72726,93000,3.87,15.64,42787.85,120.24,8.9,1.967,4.22,10.93,8.16,0.17,-0.23,0,0,29.62,45653.77,6.17,21.713,4.39,4.39,32.65,1.2,0,0,619
7/27/2026 2:48,619,72726,94500,3.85,15.55,42791.39,112.71,8.34,1.863,4.22,10.91,8.17,0.14,-0.26,0,0,29.63,45665.21,6.17,21.705,4.2,4.2,32.65,1.2,0,0,620
7/27/2026 3:03,620,72726,100000,4.31,17.39,42792.94,122.55,9.07,1.761,4.19,10.84,8.18,0.17,-0.23,0,0,29.63,45663.23,6.17,21.709,4.36,4.36,30.76,1.2,0,0,621
7/27/2026 3:18,621,72726,101500,3.94,15.89,42799.45,122.01,9.03,1.66,4.23,10.94,8.18,0.14,-0.27,0,0,29.63,45665.42,6.17,21.714,4.29,4.29,30.76,1.2,0,0,622
7/27/2026 3:33,622,72726,103000,4.25,17.14,42785.92,122.11,9.04,1.568,4.25,11,8.18,0.16,-0.24,0,0,29.64,45669.23,6.17,21.695,4.48,4.48,31.04,1.2,0,0,623
7/27/2026 3:48,623,72726,104500,3.76,15.17,42797.73,119.99,8.88,1.488,4.17,10.78,8.18,0.15,-0.26,0,0,29.64,45676.02,6.17,21.701,4.37,4.37,31.04,1.2,0,0,624
7/27/2026 4:03,624,72726,110000,4.06,16.4,42658.72,119.99,8.89,1.425,4.28,11.09,8.17,0.16,-0.25,0,0,29.56,45567.55,6.17,21.658,4.6,4.6,30.18,1.19,0,0,625
7/27/2026 4:18,625,72726,111500,3.39,13.7,42629.3,113.9,8.45,1.351,4.4,11.47,8.14,0.12,-0.29,0,0,29.6,45620.79,6.17,21.567,5.31,5.31,30.18,1.19,0,0,626
7/27/2026 4:33,626,72726,113000,3.4,13.73,42700.2,118.96,8.82,1.292,4.33,11.25,8.16,0.13,-0.28,0,0,29.62,45651.86,6.17,21.615,4.89,4.89,32.78,1.2,0,0,627
7/27/2026 4:48,627,72726,114500,3.16,12.78,42680.92,117.9,8.74,1.226,4.26,11.05,8.16,0.13,-0.28,0,0,29.63,45657.59,6.17,21.587,4.72,4.72,32.78,1.2,0,0,628
7/27/2026 5:03,628,72726,120000,3.6,14.52,42729.12,120.56,8.93,1.168,4.2,10.86,8.18,0.17,-0.24,0,0,29.64,45674.95,6.18,21.623,4.54,4.54,30.36,1.2,0,0,629
7/27/2026 5:18,629,72726,121500,3.18,12.85,42701.39,118.37,8.77,1.132,4.33,11.26,8.17,0.13,-0.27,0,0,29.63,45655.65,6.17,21.612,4.55,4.55,30.36,1.2,0,0,630
7/27/2026 5:33,630,72726,123000,3.11,12.55,42668.33,117.62,8.73,1.12,4.38,11.4,8.17,0.12,-0.28,0,0,29.63,45662.61,6.17,21.567,4.85,4.85,30.96,1.21,0,0,631
7/27/2026 5:48,631,72726,124500,3.14,12.68,42676.1,113.12,8.39,1.102,4.32,11.23,8.17,0.12,-0.28,0,0,29.64,45665.89,6.17,21.572,4.66,4.66,30.96,1.21,0,0,632
7/27/2026 6:03,632,72726,130000,3.6,14.53,42677.5,116.62,8.65,1.122,4.32,11.22,8.18,0.14,-0.27,0,0,29.64,45666.21,6.17,21.573,5.07,5.07,30.75,1.2,0,0,633
7/27/2026 6:18,633,72726,131500,3.66,14.78,42703.3,117.19,8.69,1.124,4.3,11.16,8.18,0.15,-0.25,0,0,29.64,45672.48,6.17,21.596,4.81,4.81,30.75,1.2,0,0,634
7/27/2026 6:33,634,72726,133000,3.36,13.58,42643.84,113.22,8.4,1.141,4.31,11.19,8.17,0.14,-0.26,0,0,29.64,45665.68,6.17,21.535,5.11,5.11,30.16,1.19,0,0,635
7/27/2026 6:48,635,72726,134500,2.72,11,42649.74,107.99,8.02,1.177,4.26,11.03,8.16,0.12,-0.28,0,0,29.64,45670.74,6.17,21.537,4.79,4.79,30.16,1.19,0,0,636
7/27/2026 7:03,636,72726,140000,2.49,10.08,42564.22,108.72,8.08,1.222,4.07,10.46,8.13,0.1,-0.3,0,0,29.64,45666.71,6.17,21.443,6.89,6.89,31.84,1.19,0,0,637
7/27/2026 7:18,637,72726,141500,2.1,8.51,42548.69,105.05,7.81,1.281,4.48,11.7,8.11,0.11,-0.3,0,0,29.64,45668.34,6.17,21.424,6.57,6.57,31.84,1.19,0,0,638
7/27/2026 7:33,638,72726,143000,2.44,9.88,42517.96,106.61,7.93,1.353,4.36,11.33,8.11,0.1,-0.3,0,0,29.64,45664.11,6.17,21.393,6.47,6.47,30.46,1.2,0,0,639
7/27/2026 7:48,639,72726,144500,2.2,8.88,42467.8,104.99,7.82,1.44,4.18,10.8,8.09,0.09,-0.31,0,0,29.64,45666.29,6.17,21.333,6.19,6.19,30.46,1.2,0,0,640
7/27/2026 8:03,640,72726,150000,2.08,8.43,42431.79,104.31,7.78,1.523,4.03,10.36,8.08,0.08,-0.33,0,0,29.64,45669.77,6.17,21.288,6.32,6.32,30.81,1.21,0,0,641
7/27/2026 8:18,641,72726,151500,2.52,10.19,42417.45,104.42,7.79,1.611,3.84,9.79,8.08,0.08,-0.32,0,0,29.64,45664,6.17,21.278,6.17,6.17,30.81,1.21,0,0,642
7/27/2026 8:33,642,72726,153000,2.23,9.03,42416.07,103.5,7.72,1.695,4.09,10.52,8.08,0.11,-0.29,0,0,29.64,45665.26,6.17,21.275,6.88,6.88,30.38,1.2,0,0,643
7/27/2026 8:48,643,72726,154500,2.51,10.14,42422.62,101.37,7.56,1.801,4.53,11.86,8.07,0.1,-0.3,0,0,29.63,45659.27,6.17,21.289,5.72,5.72,30.38,1.2,0,0,644
7/27/2026 9:03,644,72726,160000,2.28,9.21,42415.57,102.58,7.65,1.881,4.15,10.71,8.08,0.11,-0.29,0,0,29.64,45668.03,6.17,21.271,5.93,5.93,30.45,1.19,0,0,645
7/27/2026 9:18,645,72726,161500,1.87,7.57,42406.71,98.63,7.36,1.981,4.41,11.48,8.06,0.08,-0.32,0,0,29.64,45665.77,6.17,21.263,5.64,5.64,30.45,1.19,0,0,646
7/27/2026 9:33,646,72726,163000,1.47,5.97,42383.77,97.76,7.3,2.067,4.33,11.26,8.04,0.04,-0.37,0,0,29.64,45667.99,6.17,21.235,6.24,6.24,32.49,1.19,0,0,647
7/27/2026 9:48,647,72726,164500,1.54,6.25,42364.4,99.82,7.45,2.168,4.56,11.94,8.05,0.06,-0.35,0,0,29.63,45659.23,6.17,21.222,5.39,5.39,32.49,1.19,0,0,648
7/27/2026 10:03,648,72726,170000,1.49,6.04,42378.25,99,7.39,2.256,3.83,9.74,8.05,0.06,-0.35,0,0,29.64,45667.48,6.17,21.229,5.21,5.21,30.88,1.2,0,0,649
7/27/2026 10:18,649,72726,171500,1.23,4.98,42329.79,99.82,7.46,2.325,4.07,10.47,8.05,0.03,-0.38,0,0,29.63,45657.28,6.17,21.184,5.05,5.05,30.88,1.2,0,0,650
7/27/2026 10:33,650,72726,173000,1.26,5.1,42303.44,101.14,7.56,2.416,4.22,10.91,8.05,0.02,-0.39,0,0,29.64,45663.04,6.17,21.148,4.11,4.11,30.58,1.2,0,0,651
7/27/2026 10:48,651,72726,174500,1.15,4.68,42335.55,99.79,7.45,2.482,4.06,10.44,8.05,0.04,-0.36,0,0,29.64,45667.08,6.17,21.181,5.01,5.01,30.58,1.2,0,0,652
7/27/2026 11:03,652,72726,180000,1.55,6.27,42376.83,103.45,7.72,2.554,3.83,9.74,8.07,0.07,-0.33,0,0,29.64,45668.68,6.17,21.226,4.13,4.13,30.7,1.2,0,0,653
7/27/2026 11:18,653,72726,181500,1.5,6.06,42394.71,102.91,7.68,2.614,4.03,10.34,8.07,0.05,-0.35,0,0,29.64,45671.11,6.17,21.244,4.57,4.57,30.7,1.2,0,0,654
7/27/2026 11:33,654,72726,183000,1.23,4.99,42369.38,101.68,7.59,2.67,4.59,12.04,8.06,0.03,-0.38,0,0,29.64,45663.42,6.17,21.223,4.42,4.42,30.29,1.2,0,0,655
7/27/2026 11:48,655,72726,184500,1.51,6.1,42416.42,103.32,7.71,2.727,4.43,11.56,8.07,0.08,-0.33,0,0,29.64,45671.56,6.17,21.268,4.48,4.48,30.29,1.2,0,0,656
7/27/2026 12:03,656,72726,190000,1.9,7.68,42449.22,105.96,7.9,2.76,3.95,10.12,8.08,0.06,-0.34,0,0,29.65,45675.93,6.17,21.301,4.46,4.46,30.28,1.19,0,0,657
7/27/2026 12:18,657,72726,191500,2.32,9.36,42528.86,108.28,8.06,2.804,4.59,12.02,8.1,0.13,-0.27,0,0,29.64,45673.13,6.18,21.396,4.48,4.48,30.28,1.19,0,0,658
7/27/2026 12:33,658,72726,193000,2.84,11.49,42584.48,116.4,8.65,2.82,4.18,10.81,8.14,0.15,-0.26,0,0,29.65,45685.38,6.17,21.446,4.68,4.68,30.42,1.19,0,0,659
7/27/2026 12:48,659,72726,194500,2.73,11.04,42576.54,112.66,8.38,2.848,4.2,10.87,8.14,0.13,-0.27,0,0,29.65,45685.48,6.17,21.437,4.78,4.78,30.42,1.19,0,0,660
7/27/2026 13:03,660,72726,200000,1.69,6.85,42361.05,105.7,7.89,2.844,4.03,10.35,8.07,0.04,-0.36,0,0,29.65,45674.97,6.17,21.201,4.8,4.8,30.39,1.19,0,0,661
7/27/2026 13:18,661,72726,201500,1.66,6.73,42315.33,99.39,7.43,2.851,3.84,9.79,8.03,0.07,-0.33,0,0,29.64,45665.11,6.17,21.159,5.81,5.81,30.39,1.19,0,0,662
7/27/2026 13:33,662,72726,203000,1.49,6.04,42215.75,99.13,7.42,2.846,3.95,10.1,7.99,0.05,-0.35,0,0,29.63,45649.95,6.17,21.061,6.99,6.99,30.48,1.19,0,0,663
7/27/2026 13:48,663,72726,204500,1.39,5.62,42297.21,97.7,7.31,2.829,3.96,10.14,7.99,0.03,-0.37,0,0,29.64,45669.57,6.17,21.134,5.14,5.14,30.48,1.19,0,0,664
7/27/2026 14:03,664,72726,210000,2.29,9.25,42499.36,116.6,8.68,2.785,4.45,11.61,8.13,0.12,-0.29,0,0,29.65,45679.28,6.17,21.355,4.83,4.83,30.03,1.2,0,0,665
7/27/2026 14:18,665,72726,211500,3.04,12.27,42597.48,120.39,8.95,2.765,4.14,10.68,8.14,0.14,-0.27,0,0,29.64,45671.68,6.17,21.476,6.35,6.35,30.03,1.2,0,0,666
7/27/2026 14:33,666,72726,213000,2.44,9.87,42570.9,120.83,8.98,2.693,4.19,10.84,8.14,0.1,-0.3,0,0,29.64,45676.09,6.17,21.441,4.65,4.65,33.35,1.2,0,0,667
7/27/2026 14:48,667,72726,214500,2.75,11.09,42617.75,121.85,9.05,2.649,4.2,10.87,8.14,0.12,-0.28,0,0,29.65,45686.31,6.17,21.483,4.38,4.38,33.35,1.2,0,0,668
7/27/2026 15:03,668,72726,220000,3.64,14.68,42743.9,127.83,9.47,2.608,4.15,10.7,8.17,0.17,-0.24,0,0,29.65,45689.03,6.17,21.625,4.68,4.68,30.73,1.2,0,0,669
7/27/2026 15:18,669,72726,221500,3.85,15.54,42812.05,119.83,8.87,2.546,4.09,10.53,8.18,0.15,-0.25,0,0,29.65,45690.71,6.17,21.701,4.32,4.32,30.73,1.2,0,0,670
7/27/2026 15:33,670,72726,223000,4.57,18.44,42874.78,132.99,9.83,2.51,4.11,10.58,8.2,0.22,-0.18,0,0,29.65,45686.29,6.17,21.778,4.48,4.48,30.58,1.19,0,0,671
7/27/2026 15:48,671,72726,224500,2.39,9.66,42800.86,127.71,9.45,2.45,4.07,10.47,8.18,0.07,-0.33,0,0,29.65,45683.33,6.17,21.697,4.61,4.61,30.58,1.19,0,0,672
7/27/2026 16:03,672,72726,230000,2.71,10.97,42868.64,131.98,9.75,2.397,4.11,10.6,8.19,0.1,-0.31,0,0,29.65,45689.74,6.17,21.767,4.22,4.22,32.15,1.2,0,0,673
7/27/2026 16:18,673,72726,231500,2.55,10.3,42892,131.07,9.68,2.368,4.1,10.56,8.19,0.1,-0.3,0,0,29.64,45682.5,6.17,21.802,5.7,5.7,32.15,1.2,0,0,674
7/27/2026 16:33,674,72726,233000,3.11,12.55,42885.14,128.94,9.53,2.313,4.03,10.34,8.16,0.14,-0.26,0,0,29.65,45688.13,6.17,21.788,6.33,6.33,29.89,1.19,0,0,675
7/27/2026 16:48,675,72726,234500,3.73,15.05,42991.09,134.53,9.92,2.283,4.05,10.39,8.19,0.19,-0.21,0,0,29.66,45699.76,6.17,21.897,5.41,5.41,29.89,1.19,0,0,676
7/27/2026 17:03,676,72826,0,2.55,10.31,42932.47,131.76,9.73,2.278,4.12,10.62,8.18,0.12,-0.29,0,0,29.65,45693.36,6.17,21.837,5.33,5.33,29.09,1.2,0,0,677
7/27/2026 17:18,677,72826,1500,2.78,11.23,42933.91,132.52,9.78,2.255,4.14,10.69,8.18,0.12,-0.29,0,0,29.65,45694.05,6.17,21.837,5.25,5.25,29.09,1.2,0,0,678
7/27/2026 17:33,678,72826,3000,3.05,12.31,43060.2,137.98,10.16,2.253,4.03,10.36,8.21,0.12,-0.28,0,0,29.64,45680.68,6.17,21.997,5.28,5.28,30.15,1.2,0,0,679
7/27/2026 17:48,679,72826,4500,3.04,12.28,43057.31,140.08,10.31,2.254,4,10.25,8.23,0.11,-0.29,0,0,29.65,45694.63,6.17,21.978,4.21,4.21,30.15,1.2,0,0,680
7/27/2026 18:03,680,72826,10000,2.61,10.53,43080.51,141.34,10.4,2.255,4.35,11.32,8.23,0.11,-0.29,0,0,29.66,45703.4,6.17,21.995,4.55,4.55,29.39,1.19,0,0,681
7/27/2026 18:18,681,72826,11500,4.47,18.03,43163.59,148.96,10.94,2.293,4.06,10.44,8.27,0.2,-0.21,0,0,29.65,45697.4,6.17,22.097,4.64,4.64,29.39,1.19,0,0,682
7/27/2026 18:33,682,72826,13000,3.86,15.57,43153.5,147.99,10.88,2.313,4.15,10.72,8.26,0.11,-0.29,0,0,29.66,45714.68,6.17,22.067,4.52,4.52,30,1.19,0,0,683
7/27/2026 18:48,683,72826,14500,3.04,12.29,43197.46,150.24,11.03,2.349,4.11,10.58,8.27,0.14,-0.26,0,0,29.66,45703.2,6.17,22.129,4.21,4.21,30,1.19,0,0,684
7/27/2026 19:03,684,72826,20000,2.4,9.69,42941.31,130.62,9.64,2.404,4.03,10.36,8.18,0.07,-0.33,0,0,29.65,45694.8,6.17,21.845,5.01,5.01,32.88,1.2,0,0,685
7/27/2026 19:18,685,72826,21500,2.7,10.9,42921.98,128.85,9.51,2.452,4.06,10.44,8.16,0.11,-0.3,0,0,29.65,45690.43,6.17,21.828,4.94,4.94,32.88,1.2,0,0,686
7/27/2026 19:33,686,72826,23000,3.24,13.07,43074.71,142.38,10.48,2.519,4.25,11,8.24,0.16,-0.25,0,0,29.66,45703.94,6.17,21.988,4.54,4.54,30.21,1.2,0,0,687
7/27/2026 19:48,687,72826,24500,3.33,13.44,43023.38,138.22,10.18,2.581,4.36,11.35,8.21,0.15,-0.25,0,0,29.65,45692.25,6.17,21.942,5.09,5.09,30.21,1.2,0,0,688
7/27/2026 20:03,688,72826,30000,3.9,15.75,42947.45,131.94,9.74,2.653,4.1,10.57,8.19,0.2,-0.21,0,0,29.66,45704.86,6.17,21.841,10.69,10.69,30.06,1.19,0,0,689
7/27/2026 20:18,689,72826,31500,3.82,15.42,42908.36,116.94,8.64,2.735,4.03,10.34,8.17,0.17,-0.23,0,0,29.65,45695.48,6.17,21.807,5.6,5.6,30.06,1.19,0,0,690
7/27/2026 20:33,690,72826,33000,4.1,16.54,42906.05,129.74,9.58,2.8,4.11,10.58,8.18,0.2,-0.21,0,0,29.66,45698.15,6.18,21.801,5.4,5.4,30.06,1.19,0,0,691
7/27/2026 20:48,691,72826,34500,4.79,19.32,42893.29,125.88,9.3,2.875,4.04,10.39,8.17,0.23,-0.17,0,0,29.65,45695.04,6.17,21.79,5.34,5.34,30.06,1.19,0,0,692
7/27/2026 21:03,692,72826,40000,4.44,17.91,42872.83,126.7,9.36,2.939,4.07,10.46,8.16,0.18,-0.23,0,0,29.66,45697.22,6.17,21.764,5.37,5.37,29.92,1.2,0,0,693
7/27/2026 21:18,693,72826,41500,4.22,17.03,42855.27,123.47,9.13,3.008,4.05,10.41,8.14,0.19,-0.22,0,0,29.65,45693.65,6.17,21.748,5.6,5.6,29.92,1.2,0,0,694
7/27/2026 21:33,694,72826,43000,4.28,17.27,42840.41,123.72,9.15,3.071,4.04,10.39,8.15,0.24,-0.17,0,0,29.65,45691.71,6.17,21.733,6.6,6.6,32.57,1.2,0,0,695
7/27/2026 21:48,695,72826,44500,4.87,19.64,42803.81,122.43,9.06,3.125,4.03,10.35,8.14,0.23,-0.17,0,0,29.65,45694.63,6.17,21.688,5.77,5.77,32.57,1.2,0,0,696
7/27/2026 22:03,696,72826,50000,4.25,17.14,42791.19,121.98,9.03,3.189,4.09,10.53,8.14,0.2,-0.2,0,0,29.66,45700.67,6.17,21.667,5.62,5.62,30.31,1.19,0,0,697
7/27/2026 22:18,697,72826,51500,5,20.17,42780.45,120.54,8.93,3.229,4.11,10.58,8.17,0.23,-0.17,0,0,29.66,45698.71,6.17,21.657,5.26,5.26,30.31,1.19,0,0,698
7/27/2026 22:33,698,72826,53000,3.98,16.07,42738.98,121.08,8.97,3.261,4.17,10.76,8.14,0.2,-0.2,0,0,29.66,45701.43,6.17,21.606,5.64,5.64,32.12,1.19,0,0,699
7/27/2026 22:48,699,72826,54500,4.18,16.89,42677.32,114.75,8.52,3.304,4.06,10.43,8.12,0.2,-0.2,0,0,29.66,45701.48,6.17,21.536,5.18,5.18,32.12,1.19,0,0,700
7/27/2026 23:03,700,72826,60000,3.97,16.02,42614.81,115.08,8.55,3.312,4.09,10.54,8.11,0.2,-0.2,0,0,29.66,45695.98,6.17,21.47,5.31,5.31,30.84,1.2,0,0,701
7/27/2026 23:18,701,72826,61500,4.35,17.55,42587.47,105.8,7.87,3.333,4.09,10.52,8.1,0.18,-0.23,0,0,29.66,45697.36,6.17,21.437,5.09,5.09,30.84,1.2,0,0,702
7/27/2026 23:33,702,72826,63000,5.5,22.18,42593.94,115.9,8.62,3.327,4.03,10.34,8.11,0.25,-0.16,0,0,29.66,45692.51,6.17,21.45,4.72,4.72,30.37,1.2,0,0,703
7/27/2026 23:48,703,72826,64500,4.05,16.37,42549.46,113.54,8.45,3.292,3.96,10.14,8.09,0.17,-0.23,0,0,29.66,45693.6,6.17,21.397,5.54,5.54,30.37,1.2,0,0,704
7/28/2026 0:03,704,72826,70000,4.31,17.4,42577.17,113.9,8.47,3.262,4.12,10.62,8.09,0.2,-0.2,0,0,29.66,45692.09,6.17,21.431,4.76,4.76,30.82,1.19,0,0,705
7/28/2026 0:18,705,72826,71500,4.44,17.93,42591.73,112.79,8.38,3.195,4.06,10.44,8.09,0.21,-0.2,0,0,29.65,45690.63,6.17,21.449,4.65,4.65,30.82,1.19,0,0,706
7/28/2026 0:33,706,72826,73000,4.07,16.42,42571.1,107.3,7.98,3.133,4.05,10.4,8.07,0.19,-0.21,0,0,29.65,45683.68,6.17,21.433,4.44,4.44,30.92,1.2,0,0,707
7/28/2026 0:48,707,72826,74500,3.74,15.11,42509.24,104.58,7.79,3.036,4.15,10.71,8.06,0.14,-0.27,0,0,29.65,45686.94,6.17,21.358,4.27,4.27,30.92,1.2,0,0,708
7/28/2026 1:03,708,72826,80000,4.72,19.04,42520.55,110.53,8.23,2.946,4.14,10.67,8.08,0.21,-0.19,0,0,29.65,45683.84,6.17,21.375,4.75,4.75,33.05,1.2,0,0,709
7/28/2026 1:18,709,72826,81500,3.56,14.39,42483.94,108.84,8.11,2.837,4.39,11.44,8.07,0.16,-0.25,0,0,29.65,45678.22,6.17,21.339,4.33,4.33,33.05,1.2,0,0,710
7/28/2026 1:33,710,72826,83000,2.97,12,42464.82,106.73,7.96,2.723,3.83,9.75,8.05,0.12,-0.29,0,0,29.66,45694.17,6.17,21.3,4.74,4.74,31,1.21,0,0,711
7/28/2026 1:48,711,72826,84500,3.53,14.25,42474.04,73.03,5.44,2.604,4.45,11.62,8.07,0.15,-0.26,0,0,29.66,45691.57,6.17,21.313,4.51,4.51,31,1.21,0,0,712
7/28/2026 2:03,712,72826,90000,3.51,14.16,42455.93,104.71,7.81,2.476,4.47,11.67,8.05,0.16,-0.25,0,0,29.65,45688.86,6.17,21.295,4.57,4.57,30.63,1.2,0,0,713
7/28/2026 2:18,713,72826,91500,3.34,13.5,42434.79,104.59,7.8,2.358,4.47,11.66,8.04,0.15,-0.26,0,0,29.65,45681.17,6.17,21.279,4.57,4.57,30.63,1.2,0,0,714
7/28/2026 2:33,714,72826,93000,3.1,12.54,42419.99,103.33,7.71,2.216,3.99,10.22,8.04,0.12,-0.29,0,0,29.65,45685.75,6.17,21.257,4.62,4.62,29.9,1.19,0,0,715
7/28/2026 2:48,715,72826,94500,3.3,13.31,42414.01,103.67,7.73,2.1,3.83,9.76,8.05,0.15,-0.25,0,0,29.65,45681.45,6.17,21.255,4.39,4.39,29.9,1.19,0,0,716
7/28/2026 3:03,716,72826,100000,3.21,12.96,42407.36,103.39,7.72,1.986,3.82,9.73,8.04,0.12,-0.28,0,0,29.65,45687.94,6.17,21.241,4.8,4.8,32.41,1.19,0,0,717
7/28/2026 3:18,717,72826,101500,3.13,12.64,42391.67,97.44,7.27,1.884,4.16,10.74,8.03,0.1,-0.3,0,0,29.66,45689.54,6.17,21.221,4.35,4.35,32.41,1.19,0,0,718
7/28/2026 3:33,718,72826,103000,3.14,12.68,42374.63,103.08,7.7,1.782,3.78,9.61,8.03,0.11,-0.3,0,0,29.66,45689.2,6.17,21.202,4.34,4.34,29.99,1.19,0,0,719
7/28/2026 3:48,719,72826,104500,3.05,12.34,42340.84,103.02,7.7,1.684,3.82,9.72,8.03,0.1,-0.31,0,0,29.65,45676.96,6.17,21.176,4.53,4.53,29.99,1.19,0,0,720
7/28/2026 4:03,720,72826,110000,2.88,11.62,42311.86,100.54,7.52,1.594,4.5,11.76,8.02,0.11,-0.3,0,0,29.64,45669.44,6.18,21.151,4.61,4.61,30.5,1.19,0,0,721
7/28/2026 4:18,721,72826,111500,3.61,14.59,42440.83,111.39,8.31,1.491,4.35,11.3,8.14,0.13,-0.27,0,0,29.67,45716.13,6.17,21.249,4.19,4.19,30.5,1.19,0,0,722
7/28/2026 4:33,722,72826,113000,3.44,13.9,42478.85,116.8,8.71,1.416,3.87,9.88,8.17,0.13,-0.27,0,0,29.67,45712.4,6.17,21.297,4.52,4.52,29.61,1.19,0,0,723
7/28/2026 4:48,723,72826,114500,3.66,14.79,42451.78,114.54,8.54,1.33,4.24,10.98,8.17,0.13,-0.28,0,0,29.67,45705,6.17,21.273,4.2,4.2,29.61,1.19,0,0,724
7/28/2026 5:03,724,72826,120000,3.39,13.68,42443.18,114.81,8.56,1.26,4.31,11.18,8.16,0.12,-0.28,0,0,29.66,45698.54,6.17,21.27,4.47,4.47,29.92,1.2,0,0,725
7/28/2026 5:18,725,72826,121500,3.47,14,42437.82,114.28,8.52,1.203,4.32,11.23,8.17,0.12,-0.28,0,0,29.66,45696.29,6.17,21.267,4.64,4.64,29.92,1.2,0,0,726
7/28/2026 5:33,726,72826,123000,2.82,11.39,42401.65,112.68,8.41,1.146,4.29,11.14,8.15,0.12,-0.29,0,0,29.66,45688.29,6.17,21.234,4.83,4.83,29.98,1.2,0,0,727
7/28/2026 5:48,727,72826,124500,3.45,13.92,42389.17,108.64,8.11,1.107,4.31,11.17,8.15,0.12,-0.29,0,0,29.65,45681.31,6.17,21.227,5.07,5.07,29.98,1.2,0,0,728
7/28/2026 6:03,728,72826,130000,3.39,13.7,42400.8,112.61,8.4,1.087,4.14,10.69,8.16,0.14,-0.26,0,0,29.66,45695.35,6.17,21.225,4.97,4.97,30.75,1.2,0,0,729
7/28/2026 6:18,729,72826,131500,2.3,9.3,42358.95,95.42,7.13,1.058,4.59,12.02,8.06,0.11,-0.3,0,0,29.65,45682.03,6.17,21.191,7.13,7.13,30.75,1.2,0,0,730
7/28/2026 6:33,730,72826,133000,2.49,10.05,42394.27,100.38,7.49,1.062,4.1,10.55,8.09,0.08,-0.32,0,0,29.66,45696.93,6.17,21.216,4.69,4.69,30.66,1.2,0,0,731
7/28/2026 6:48,731,72826,134500,2.4,9.68,42391.58,99.69,7.44,1.058,4.18,10.81,8.09,0.07,-0.33,0,0,29.66,45693.84,6.17,21.216,4.28,4.28,30.66,1.2,0,0,732
7/28/2026 7:03,732,72826,140000,2.6,10.5,42399.95,103.19,7.7,1.078,3.89,9.92,8.11,0.09,-0.31,0,0,29.66,45698.42,6.17,21.221,4.96,4.96,32.64,1.19,0,0,733
7/28/2026 7:18,733,72826,141500,1.67,6.76,42393.93,102.9,7.68,1.106,4.03,10.34,8.11,0.07,-0.33,0,0,29.67,45706.09,6.18,21.206,4.59,4.59,32.64,1.19,0,0,734
7/28/2026 7:33,734,72826,143000,1.99,8.05,42358.04,103.61,7.74,1.148,3.95,10.11,8.11,0.08,-0.32,0,0,29.67,45702.33,6.17,21.169,6.2,6.2,30.59,1.19,0,0,735
7/28/2026 7:48,735,72826,144500,1.73,7.01,42354.36,96.91,7.24,1.208,4.03,10.36,8.09,0.06,-0.34,0,0,29.67,45701.68,6.18,21.165,5.47,5.47,30.59,1.19,0,0,736
7/28/2026 8:03,736,72826,150000,1.69,6.86,42349.75,98.46,7.36,1.283,4.14,10.68,8.1,0.05,-0.36,0,0,29.67,45704.04,6.17,21.158,6.48,6.48,30.37,1.19,0,0,737
7/28/2026 8:18,737,72826,151500,1.31,5.3,42334.77,98.84,7.39,1.364,4.3,11.15,8.08,0.05,-0.36,0,0,29.67,45704.37,6.17,21.14,6.28,6.28,30.37,1.19,0,0,738
7/28/2026 8:33,738,72826,153000,1.15,4.65,42321.95,97.23,7.27,1.466,4.23,10.95,8.08,0.01,-0.39,0,0,29.67,45704.09,6.17,21.126,6.28,6.28,30.59,1.19,0,0,739
7/28/2026 8:48,739,72826,154500,1.09,4.42,42330.04,94.21,7.04,1.542,4.46,11.65,8.05,0.02,-0.38,0,0,29.67,45701.23,6.18,21.138,5.59,5.59,30.59,1.19,0,0,740
7/28/2026 9:03,740,72826,160000,1.18,4.8,42333.15,93.14,6.96,1.641,4.23,10.96,8.05,0.02,-0.38,0,0,29.67,45706.97,6.17,21.135,5.49,5.49,30.22,1.19,0,0,741
